{"cameraMode":{"drawMode":0,"name":"Shaded","section":"Shading Mode"},"sceneLighting":true,"audioPlay":false,"sceneViewState":{"m_AlwaysRefresh":false,"showFog":true,"showSkybox":true,"showFlares":true,"showImageEffects":true,"showParticleSystems":true,"showVisualEffectGraphs":true,"m_FxEnabled":true},"in2DMode":false,"pivot":{"x":-2.8666183948516847,"y":9.239208221435547,"z":3.0267529487609865},"rotation":{"x":0.04187861829996109,"y":0.9503867626190186,"z":-0.14685598015785218,"w":0.2710271179676056},"size":5.669638633728027,"orthographic":false}