{"cameraMode":{"drawMode":0,"name":"Shaded","section":"Shading Mode"},"sceneLighting":true,"audioPlay":false,"sceneViewState":{"m_AlwaysRefresh":false,"showFog":true,"showSkybox":true,"showFlares":true,"showImageEffects":true,"showParticleSystems":true,"showVisualEffectGraphs":true,"m_FxEnabled":true},"in2DMode":false,"pivot":{"x":12.213747024536133,"y":4.116178035736084,"z":-3.672443389892578},"rotation":{"x":-0.012920312583446503,"y":0.9461458921432495,"z":-0.32123714685440066,"w":-0.03805467486381531},"size":10.014518737792969,"orthographic":false}