{"cameraMode":{"drawMode":0,"name":"Shaded","section":"Shading Mode"},"sceneLighting":true,"audioPlay":false,"sceneViewState":{"m_AlwaysRefresh":false,"showFog":true,"showSkybox":true,"showFlares":true,"showImageEffects":true,"showParticleSystems":true,"showVisualEffectGraphs":true,"m_FxEnabled":true},"in2DMode":false,"pivot":{"x":4.8854804039001469,"y":4.647236347198486,"z":6.681188583374023},"rotation":{"x":0.26672783493995669,"y":-0.006910589523613453,"z":0.0015524380141869188,"w":0.9637571573257446},"size":6.534684181213379,"orthographic":false}