{"cameraMode":{"drawMode":0,"name":"Shaded","section":"Shading Mode"},"sceneLighting":true,"audioPlay":false,"sceneViewState":{"m_AlwaysRefresh":false,"showFog":true,"showSkybox":true,"showFlares":true,"showImageEffects":true,"showParticleSystems":true,"showVisualEffectGraphs":true,"m_FxEnabled":true},"in2DMode":false,"pivot":{"x":-4.430581569671631,"y":14.541690826416016,"z":-5.541069984436035},"rotation":{"x":0.006168153136968613,"y":0.9936990737915039,"z":-0.07048128545284271,"w":0.08697230368852616},"size":23.750154495239259,"orthographic":false}