{"cameraMode":{"drawMode":0,"name":"Shaded","section":"Shading Mode"},"sceneLighting":true,"audioPlay":false,"sceneViewState":{"m_AlwaysRefresh":false,"showFog":true,"showSkybox":true,"showFlares":true,"showImageEffects":true,"showParticleSystems":true,"showVisualEffectGraphs":true,"m_FxEnabled":true},"in2DMode":false,"pivot":{"x":1.850268840789795,"y":5.271791934967041,"z":-2.720889091491699},"rotation":{"x":-0.0004307253402657807,"y":0.9972763657569885,"z":-0.07374230027198792,"w":-0.005681494250893593},"size":8.603642463684082,"orthographic":false}