{"cameraMode":{"drawMode":0,"name":"Shaded","section":"Shading Mode"},"sceneLighting":false,"audioPlay":false,"sceneViewState":{"m_AlwaysRefresh":false,"showFog":true,"showSkybox":false,"showFlares":true,"showImageEffects":true,"showParticleSystems":true,"showVisualEffectGraphs":true,"m_FxEnabled":true},"in2DMode":false,"pivot":{"x":-11.875731468200684,"y":2.547877788543701,"z":-11.586758613586426},"rotation":{"x":0.12886671721935273,"y":-0.6046749353408814,"z":0.09944567829370499,"w":0.7797041535377502},"size":3.3379948139190676,"orthographic":false}