{"cameraMode":{"drawMode":0,"name":"Shaded","section":"Shading Mode"},"sceneLighting":false,"audioPlay":false,"sceneViewState":{"m_AlwaysRefresh":false,"showFog":true,"showSkybox":false,"showFlares":true,"showImageEffects":true,"showParticleSystems":true,"showVisualEffectGraphs":true,"m_FxEnabled":true},"in2DMode":false,"pivot":{"x":1.4677138328552247,"y":3.5139577388763429,"z":3.3688979148864748},"rotation":{"x":-0.0034200530499219896,"y":0.9941626787185669,"z":-0.10625661909580231,"w":-0.023426510393619539},"size":1.1361068487167359,"orthographic":false}