{"cameraMode":{"drawMode":0,"name":"Shaded","section":"Shading Mode"},"sceneLighting":false,"audioPlay":false,"sceneViewState":{"m_AlwaysRefresh":false,"showFog":true,"showSkybox":false,"showFlares":true,"showImageEffects":true,"showParticleSystems":true,"showVisualEffectGraphs":true,"m_FxEnabled":true},"in2DMode":false,"pivot":{"x":0.5278011560440064,"y":3.5507473945617677,"z":7.2203216552734379},"rotation":{"x":0.18633663654327393,"y":0.49442946910858157,"z":-0.1094287857413292,"w":0.8419348001480103},"size":2.815484046936035,"orthographic":false}