{"cameraMode":{"drawMode":0,"name":"Shaded","section":"Shading Mode"},"sceneLighting":false,"audioPlay":false,"sceneViewState":{"m_AlwaysRefresh":false,"showFog":true,"showSkybox":false,"showFlares":true,"showImageEffects":true,"showParticleSystems":true,"showVisualEffectGraphs":true,"m_FxEnabled":true},"in2DMode":false,"pivot":{"x":-0.40805888175964358,"y":3.2095112800598146,"z":-3.509249687194824},"rotation":{"x":-0.24033427238464356,"y":-0.6174395084381104,"z":0.20661479234695435,"w":-0.7199526429176331},"size":1.8664706945419312,"orthographic":false}